Number,GivenName,MiddleInitial,Surname,StreetAddress,City,StateFull,Password,TelephoneNumber,Department,EmployeeID
1,John,R,Unzueta,4139 Cheshire Road,Waterbury,Connecticut,aekoph9iZee,203-346-9159,IT,103074
2,Stephanie,W,McKenzie,3293 Wayside Lane,San Francisco,California,zeesoo0Do8Ph,510-334-0228,FINANCE,180926
3,Francis,E,Pooley,2206 Cherry Ridge Drive,Mount Clemens,Michigan,king9eeP,586-307-4654,SALES,171046
4,Sandra,R,Leslie,1251 Stutler Lane,State College,Pennsylvania,ahoo0ohThioj,814-497-4901,HR,160001
5,Monica,S,Foulds,3552 Maple Street,Los Angeles,California,OhW3sho8,714-302-7224,IT,123895
6,Vergie,L,Teller,383 Maxwell Farm Road,Chico,California,ogo6uchooCh,530-895-4896,FINANCE,198141
7,Lauren,E,Quezada,4080 Bassel Street,Hammond,Louisiana,Ohqu2ohsei,985-269-5768,SALES,126347
8,Matthew,T,Flood,1850 Sunrise Road,Henderson,Nevada,gee8WuXiesh,702-967-2974,HR,173270
9,Evangelina,M,Richard,2568 Tecumsah Lane,Shongaloo,Louisiana,IeP8vait,318-846-3129,MANAGEMENT,164287
10,Matthew,M,Parks,3511 Hershell Hollow Road,Redmond,Washington,oPhiezee8,425-244-0175,IT,192349
11,Kristie,H,Bratton,2543 Ethels Lane,Wauchula,Florida,ceeZohsh0,863-773-1623,FINANCE,153734
12,Sharon,A,Cowan,3972 Sunny Day Drive,Bellflower,California,Rahxog7oh,714-887-3436,SALES,166926
13,Billy,E,Stapleton,511 Joseph Street,Milwaukee,Wisconsin,Waes9que3c,262-737-9895,HR,175348
14,Charles,M,Winder,3540 Wilkinson Court,Fort Myers,Florida,soog4meoPh,239-503-2558,MANAGEMENT,172164
15,Donald,C,Stearns,1407 Chandler Hollow Road,Pittsburgh,Pennsylvania,oha5wie0Voo,412-433-3632,IT,192299
16,Leroy,C,McCants,3352 Columbia Boulevard,Baltimore,Maryland,quoat3AeK,410-406-2294,FINANCE,176773
17,Daniel,L,Scott,3672 Bruce Street,Saint Louis,Missouri,iech3Gu0ph,314-288-1286,SALES,182942
18,Martha,M,Szabo,3271 Felosa Drive,Abilene,Texas,ainei2oox0J,325-209-0468,HR,149552
19,Jesus,M,Wright,1352 Joy Lane,Los Angeles,California,ahtug8Poh0v,818-604-2143,MANAGEMENT,122441
20,Anita,C,Long,4113 Aaron Smith Drive,Lititz,Pennsylvania,loojoh7Vo,717-735-7257,IT,128361
21,Eric,C,Hill,1977 Bolman Court,East Lynn,Illinois,nei2gai8WahDie,217-375-1047,IT,188616
22,Ruth,M,Adler,3173 Coal Road,Pittston,Pennsylvania,eeSohTh4u,570-697-0877,FINANCE,182492
23,Phillip,M,Ballard,885 Millbrook Road,Chicago,Illinois,ieF1ou9oh,630-750-4705,SALES,106596
24,Lucy,M,Roller,4775 Bee Street,Grand Rapids,Michigan,Yaeth7iix1t,231-776-8394,HR,199312
25,Holly,J,Morris,4213 Echo Lane,Middleville,Michigan,deiXee1t,269-795-6809,MANAGEMENT,154224
26,Lori,R,Townsend,2428 Morningview Lane,Corydon,Iowa,IeQu0Chohqua,641-870-0275,IT,172838
27,Beatrice,W,Roberts,4962 White Avenue,Corpus Christi,Texas,aeth2Thu2a,361-648-3845,FINANCE,194366
28,Lillian,E,Castanon,4895 Windy Ridge Road,Fort Wayne,Indiana,ja0hon6AiN,260-645-3941,SALES,191995
29,John,M,Marvin,1320 Murphy Court,Los Angeles,California,oothoh3Vud,951-834-1184,HR,144203
30,Ana,J,Davis,2721 Tuna Street,Flint,Michigan,IaPh4thooroh,810-789-1875,MANAGEMENT,127316
31,Karen,C,Rimer,3733 Harron Drive,Hanover,Maryland,IeNah5eng,443-445-5356,IT,143361
32,Gretchen,R,Bridges,2126 Clousson Road,Houston,Texas,iegh2ohCh,713-218-3252,FINANCE,142319
33,Cheryl,A,Loyola,4195 Lyndon Street,Philadelphia,Pennsylvania,eeghieF0N,610-766-3410,SALES,147312
34,Raphael,J,Cherry,2698 Pursglove Court,Eldorado,Ohio,keiWei1zoh,937-273-5811,HR,191733
35,Lore,D,Johnson,1761 Romines Mill Road,Mc Kinney,Texas,Aigu0yahFei,214-592-8151,MANAGEMENT,104199
36,Linda,J,Seibert,2595 Orchard Street,Minneapolis,Minnesota,thaiX5oh,952-693-8634,IT,186850
37,Anita,E,Lew,1944 Olen Thomas Drive,Wichita Falls,Texas,Ob9jo3choh,940-723-0070,FINANCE,193028
38,Ali,L,Murphy,3885 Windy Ridge Road,Roanoke,Indiana,ohGee1ahquai,260-672-0116,SALES,111492
39,Christian,R,Fernandez,366 American Drive,Pennsauken,New Jersey,Ierie9qu,856-219-1357,IT,172406
40,Louise,A,Alvarez,1617 Spruce Drive,Pittsburgh,Pennsylvania,YiaThi7la,724-893-3475,FINANCE,169813
41,Carolyn,R,Johnson,2698 Sand Fork Road,Walton,Indiana,Aequ7eSeGei,574-626-6868,SALES,195887
42,Anne,P,Wood,4969 Reynolds Alley,Bellflower,California,eiM9yaiJoh1,562-287-0806,HR,188504
43,Whitney,H,Smith,4569 Browning Lane,Binghamton,New York,zohniBav7,607-773-3494,MANAGEMENT,198023
44,Robert,M,Randall,3689 Post Farm Road,Atlanta,Georgia,eewoo0Mei,404-208-6680,IT,126636
45,Joseph,R,Mitchell,1894 Ashford Drive,Washington,Virginia,feiCaaqu7ou,703-628-5856,FINANCE,106168
46,Phyllis,G,Armstrong,325 Rafe Lane,Greenville,Mississippi,Lupeepu0dei,662-725-2647,SALES,126777
47,Cheryl,A,Ortiz,70 Poplar Chase Lane,Boise,Idaho,ohk0OomeThai,208-333-9673,IT,171996
48,Ruth,D,Lind,4125 Angus Road,Manhattan,New York,jae0rah1Phah,212-448-0054,FINANCE,115768
49,Latasha,M,Bullins,4006 Smith Road,Atlanta,Georgia,eeph5Ohd7,770-895-0969,SALES,108001
50,Susan,T,Crittendon,3708 Sarah Drive,Lawtell,Louisiana,veishee2M,337-543-1623,HR,121610
